INSERT INTO HALLS (ID, NAME) VALUES (1, 'Main');
INSERT INTO HALLS (ID, NAME) VALUES (2, 'Additional');

INSERT INTO HALL_ROWS (ID, HALL_ID, NAME) VALUES (1, 1, '1');
INSERT INTO HALL_ROWS (ID, HALL_ID, NAME) VALUES (2, 1, '2');
INSERT INTO HALL_ROWS (ID, HALL_ID, NAME) VALUES (3, 1, '3');
INSERT INTO HALL_ROWS (ID, HALL_ID, NAME) VALUES (4, 1, '4');
INSERT INTO HALL_ROWS (ID, HALL_ID, NAME) VALUES (5, 1, '5');

INSERT INTO HALL_ROWS (ID, HALL_ID, NAME) VALUES (6, 2, '1');
INSERT INTO HALL_ROWS (ID, HALL_ID, NAME) VALUES (7, 2, '2');
INSERT INTO HALL_ROWS (ID, HALL_ID, NAME) VALUES (8, 2, '3');
INSERT INTO HALL_ROWS (ID, HALL_ID, NAME) VALUES (9, 2, '4');
INSERT INTO HALL_ROWS (ID, HALL_ID, NAME) VALUES (10, 2, '5');


INSERT INTO SEATS (ID, HALL_ROW_ID, NAME) VALUES (1, 1, '1');
INSERT INTO SEATS (ID, HALL_ROW_ID, NAME) VALUES (2, 1, '2');
INSERT INTO SEATS (ID, HALL_ROW_ID, NAME) VALUES (3, 1, '3');
INSERT INTO SEATS (ID, HALL_ROW_ID, NAME) VALUES (4, 1, '4');
INSERT INTO SEATS (ID, HALL_ROW_ID, NAME) VALUES (5, 1, '5');
INSERT INTO SEATS (ID, HALL_ROW_ID, NAME) VALUES (6, 1, '6');
INSERT INTO SEATS (ID, HALL_ROW_ID, NAME) VALUES (7, 1, '7');
INSERT INTO SEATS (ID, HALL_ROW_ID, NAME) VALUES (8, 1, '8');
INSERT INTO SEATS (ID, HALL_ROW_ID, NAME) VALUES (9, 1, '9');
INSERT INTO SEATS (ID, HALL_ROW_ID, NAME) VALUES (10,1, '10');

INSERT INTO SEATS (ID, HALL_ROW_ID, NAME) VALUES (11, 2, '1');
INSERT INTO SEATS (ID, HALL_ROW_ID, NAME) VALUES (12, 2, '2');
INSERT INTO SEATS (ID, HALL_ROW_ID, NAME) VALUES (13, 2, '3');
INSERT INTO SEATS (ID, HALL_ROW_ID, NAME) VALUES (14, 2, '4');
INSERT INTO SEATS (ID, HALL_ROW_ID, NAME) VALUES (15, 2, '5');
INSERT INTO SEATS (ID, HALL_ROW_ID, NAME) VALUES (16, 2, '6');
INSERT INTO SEATS (ID, HALL_ROW_ID, NAME) VALUES (17, 2, '7');
INSERT INTO SEATS (ID, HALL_ROW_ID, NAME) VALUES (18, 2, '8');
INSERT INTO SEATS (ID, HALL_ROW_ID, NAME) VALUES (19, 2, '9');
INSERT INTO SEATS (ID, HALL_ROW_ID, NAME) VALUES (20,2, '10');

INSERT INTO SEATS (ID, HALL_ROW_ID, NAME) VALUES (21, 3, '1');
INSERT INTO SEATS (ID, HALL_ROW_ID, NAME) VALUES (22, 3, '2');
INSERT INTO SEATS (ID, HALL_ROW_ID, NAME) VALUES (23, 3, '3');
INSERT INTO SEATS (ID, HALL_ROW_ID, NAME) VALUES (24, 3, '4');
INSERT INTO SEATS (ID, HALL_ROW_ID, NAME) VALUES (25, 3, '5');
INSERT INTO SEATS (ID, HALL_ROW_ID, NAME) VALUES (26, 3, '6');
INSERT INTO SEATS (ID, HALL_ROW_ID, NAME) VALUES (27, 3, '7');
INSERT INTO SEATS (ID, HALL_ROW_ID, NAME) VALUES (28, 3, '8');
INSERT INTO SEATS (ID, HALL_ROW_ID, NAME) VALUES (29, 3, '9');
INSERT INTO SEATS (ID, HALL_ROW_ID, NAME) VALUES (30,3, '10');

INSERT INTO SEATS (ID, HALL_ROW_ID, NAME) VALUES (31, 4, '1');
INSERT INTO SEATS (ID, HALL_ROW_ID, NAME) VALUES (32, 4, '2');
INSERT INTO SEATS (ID, HALL_ROW_ID, NAME) VALUES (33, 4, '3');
INSERT INTO SEATS (ID, HALL_ROW_ID, NAME) VALUES (34, 4, '4');
INSERT INTO SEATS (ID, HALL_ROW_ID, NAME) VALUES (35, 4, '5');
INSERT INTO SEATS (ID, HALL_ROW_ID, NAME) VALUES (36, 4, '6');
INSERT INTO SEATS (ID, HALL_ROW_ID, NAME) VALUES (37, 4, '7');
INSERT INTO SEATS (ID, HALL_ROW_ID, NAME) VALUES (38, 4, '8');
INSERT INTO SEATS (ID, HALL_ROW_ID, NAME) VALUES (39, 4, '9');
INSERT INTO SEATS (ID, HALL_ROW_ID, NAME) VALUES (40,4, '10');

INSERT INTO SEATS (ID, HALL_ROW_ID, NAME) VALUES (51, 5, '1');
INSERT INTO SEATS (ID, HALL_ROW_ID, NAME) VALUES (52, 5, '2');
INSERT INTO SEATS (ID, HALL_ROW_ID, NAME) VALUES (53, 5, '3');
INSERT INTO SEATS (ID, HALL_ROW_ID, NAME) VALUES (54, 5, '4');
INSERT INTO SEATS (ID, HALL_ROW_ID, NAME) VALUES (55, 5, '5');
INSERT INTO SEATS (ID, HALL_ROW_ID, NAME) VALUES (56, 5, '6');
INSERT INTO SEATS (ID, HALL_ROW_ID, NAME) VALUES (57, 5, '7');
INSERT INTO SEATS (ID, HALL_ROW_ID, NAME) VALUES (58, 5, '8');
INSERT INTO SEATS (ID, HALL_ROW_ID, NAME) VALUES (59, 5, '9');
INSERT INTO SEATS (ID, HALL_ROW_ID, NAME) VALUES (60,5, '10');